,loss,recall,val_loss,val_recall
0,0.5043848156929016,0.6374574829931972,0.6160250306129456,0.3125
1,0.33425846695899963,0.8542774685631829,0.4451806843280792,0.8589672232529375
2,0.2527875006198883,0.8829880437023293,0.3466201424598694,0.8555839002267573
3,0.2076733559370041,0.9325396825396826,0.3441016972064972,0.8713048855905997
4,0.1676449030637741,0.9196969696969697,0.3699662387371063,0.8325396825396825
5,0.15989498794078827,0.9375,0.3132753372192383,0.882663368377654
6,0.10842303931713104,0.9642857142857143,0.3895377218723297,0.8126984126984127
7,0.12201463431119919,0.9523809523809524,0.3289642333984375,0.8613095238095239
8,0.09304410964250565,0.9452380952380953,0.4234512746334076,0.8725702868560011
9,0.11368837207555771,0.9478021978021979,0.34444504976272583,0.8759637188208617
10,0.07793913036584854,0.9642857142857143,0.4319513440132141,0.881926406926407
11,0.061646778136491776,0.969047619047619,0.3842680752277374,0.8357142857142856
12,0.029276950284838676,1.0,0.550896942615509,0.8670757813614957
13,0.040283363312482834,0.994047619047619,0.5354785323143005,0.7630385487528344
14,0.03192233666777611,1.0,0.539639413356781,0.870322534608249
15,0.02180718071758747,1.0,0.5474869012832642,0.8808536701393843
16,0.014416906051337719,1.0,0.8082885146141052,0.756439393939394
17,0.013143673539161682,1.0,0.591780960559845,0.8456995385566815
18,0.015803981572389603,1.0,0.6023127436637878,0.8542124542124542
19,0.0140498923137784,1.0,0.37836953997612,0.8952947845804988
20,0.01727502979338169,1.0,0.4143061935901642,0.8695578231292517
21,0.013534865342080593,1.0,0.7644466757774353,0.8542124542124542
22,0.005887539591640234,1.0,0.5072130560874939,0.8758170401027545
23,0.0035835320595651865,1.0,0.39733317494392395,0.8844750487607632
24,0.002990835113450885,1.0,0.4009666442871094,0.8797131439988585
25,0.002270173979923129,1.0,0.4430486559867859,0.8797131439988585
26,0.0018623369978740811,1.0,0.477288156747818,0.8797131439988585
27,0.001632946776226163,1.0,0.4994787871837616,0.8797131439988585
28,0.001471980824135244,1.0,0.5149182677268982,0.8797131439988585
29,0.0013416818110272288,1.0,0.5261135697364807,0.8797131439988585
30,0.001235799863934517,1.0,0.5332375764846802,0.8797131439988585
31,0.0011497241212055087,1.0,0.5362905859947205,0.8797131439988585
32,0.0010774183319881558,1.0,0.5367147326469421,0.8797131439988585
33,0.0010148548753932118,1.0,0.5362042784690857,0.8797131439988585
34,0.0009599754703231156,1.0,0.5362880825996399,0.8797131439988585
35,0.0009112026891671121,1.0,0.5374389886856079,0.8797131439988585
36,0.0008670375100336969,1.0,0.539326012134552,0.8797131439988585
37,0.000826716423034668,1.0,0.5413858890533447,0.8797131439988585
38,0.0007899474003352225,1.0,0.5431020855903625,0.8797131439988585
39,0.0007561541278846562,1.0,0.54434734582901,0.8797131439988585
40,0.0007248656474985182,1.0,0.5451899766921997,0.8797131439988585
41,0.0006958079757168889,1.0,0.5457988977432251,0.8797131439988585
42,0.0006687953718937933,1.0,0.5463699698448181,0.8797131439988585
43,0.0006435585091821849,1.0,0.5470706820487976,0.8797131439988585
44,0.0006200072239153087,1.0,0.5478742718696594,0.8797131439988585
45,0.0005978940753266215,1.0,0.5488020777702332,0.8797131439988585
46,0.0005771138821728528,1.0,0.549737811088562,0.8797131439988585
47,0.0005575095419771969,1.0,0.5508303046226501,0.8797131439988585
48,0.000539016502443701,1.0,0.5520354509353638,0.8797131439988585
49,0.0005215337150730193,1.0,0.553228497505188,0.8797131439988585
50,0.0005049785249866545,1.0,0.5544325709342957,0.8797131439988585
51,0.000489280850160867,1.0,0.5555434823036194,0.8797131439988585
52,0.0004743418248835951,1.0,0.5567219853401184,0.8797131439988585
53,0.00046016366104595363,1.0,0.5578250885009766,0.8797131439988585
54,0.0004466677492018789,1.0,0.558772087097168,0.8797131439988585
55,0.0004338201251812279,1.0,0.5596386790275574,0.8797131439988585
56,0.00042157937423326075,1.0,0.5605581998825073,0.8797131439988585
57,0.0004098284989595413,1.0,0.5616194605827332,0.8797131439988585
58,0.0003985761140938848,1.0,0.5627278685569763,0.8797131439988585
59,0.00038780629984103143,1.0,0.5638145208358765,0.8797131439988585
60,0.00037747653550468385,1.0,0.5648428797721863,0.8797131439988585
61,0.000367606058716774,1.0,0.5657439827919006,0.8797131439988585
62,0.0003581299097277224,1.0,0.566548764705658,0.8797131439988585
63,0.0003490141243673861,1.0,0.5674464702606201,0.8797131439988585
64,0.0003402703732717782,1.0,0.5682984590530396,0.8797131439988585
65,0.00033185406937263906,1.0,0.5690247416496277,0.8797131439988585
66,0.00032375985756516457,1.0,0.569743812084198,0.8797131439988585
67,0.0003159410844091326,1.0,0.5706170797348022,0.8797131439988585
68,0.0003084295312874019,1.0,0.5715929269790649,0.8797131439988585
69,0.00030117525602690876,1.0,0.5725396275520325,0.8797131439988585
70,0.00029419962083920836,1.0,0.5735407471656799,0.8797131439988585
71,0.0002874589408747852,1.0,0.5745713114738464,0.8797131439988585
72,0.00028097984613850713,1.0,0.5756011605262756,0.8797131439988585
73,0.00027471876819618046,1.0,0.5766107439994812,0.8797131439988585
74,0.0002686575462576002,1.0,0.5775914788246155,0.8797131439988585
75,0.0002627898647915572,1.0,0.5784244537353516,0.8797131439988585
76,0.00025714552612043917,1.0,0.5791996717453003,0.8797131439988585
77,0.0002516840468160808,1.0,0.580104649066925,0.8797131439988585
78,0.0002463831624481827,1.0,0.5810753107070923,0.8797131439988585
79,0.00024126730568241328,1.0,0.5819891691207886,0.8797131439988585
80,0.0002362981904298067,1.0,0.5827871561050415,0.8797131439988585
81,0.00023149924527388066,1.0,0.5835162997245789,0.8797131439988585
82,0.00022683538554701954,1.0,0.584298312664032,0.8797131439988585
83,0.00022232145420275629,1.0,0.5851227641105652,0.8797131439988585
84,0.0002179245202569291,1.0,0.5859795212745667,0.8797131439988585
85,0.00021366053260862827,1.0,0.5867995619773865,0.8797131439988585
86,0.0002095156378345564,1.0,0.5877161026000977,0.8797131439988585
87,0.00020549622422549874,1.0,0.5886272192001343,0.8797131439988585
88,0.00020158426195848733,1.0,0.5894361138343811,0.8797131439988585
89,0.00019779779540840536,1.0,0.5900930762290955,0.8797131439988585
90,0.00019411662651691586,1.0,0.5907090902328491,0.8797131439988585
91,0.00019054184667766094,1.0,0.5913311243057251,0.8797131439988585
92,0.00018706489936448634,1.0,0.591971218585968,0.8797131439988585
93,0.00018368368910159916,1.0,0.5927485227584839,0.8797131439988585
94,0.00018039288988802582,1.0,0.5935935974121094,0.8797131439988585
95,0.0001772063405951485,1.0,0.5943523049354553,0.8797131439988585
96,0.0001740942389005795,1.0,0.5949494242668152,0.8797131439988585
97,0.00017105766164604574,1.0,0.5955928564071655,0.8797131439988585
98,0.00016810618399176747,1.0,0.5963332056999207,0.8797131439988585
99,0.0001652227801969275,1.0,0.5970932245254517,0.8797131439988585
100,0.0001624170399736613,1.0,0.5976859331130981,0.8797131439988585
101,0.0001596836227690801,1.0,0.5982744097709656,0.8797131439988585
102,0.0001570225431350991,1.0,0.5989319682121277,0.8797131439988585
103,0.00015442848962265998,1.0,0.5995936393737793,0.8797131439988585
104,0.000151872678543441,1.0,0.6002262830734253,0.8797131439988585
105,0.000149404164403677,1.0,0.6007619500160217,0.8797131439988585
106,0.00014699200983159244,1.0,0.6012882590293884,0.8797131439988585
107,0.00014462134276982397,1.0,0.601832926273346,0.8797131439988585
108,0.00014233471301849931,1.0,0.602420449256897,0.8797131439988585
109,0.00014006828132551163,1.0,0.6030545830726624,0.8797131439988585
110,0.00013788272917736322,1.0,0.6036760210990906,0.8797131439988585
111,0.00013573758769780397,1.0,0.6043009757995605,0.8797131439988585
112,0.00013363607286009938,1.0,0.6048985719680786,0.8797131439988585
113,0.0001315941335633397,1.0,0.6055401563644409,0.8797131439988585
114,0.00012959261948708445,1.0,0.6061400771141052,0.8797131439988585
115,0.00012763577979058027,1.0,0.6066845655441284,0.8797131439988585
116,0.00012573107960633934,1.0,0.6073610186576843,0.8797131439988585
117,0.00012386041635181755,1.0,0.608034074306488,0.8797131439988585
118,0.00012203125515952706,1.0,0.6086301803588867,0.8797131439988585
119,0.00012024676834698766,1.0,0.6092244982719421,0.8797131439988585
120,0.00011849420116050169,1.0,0.6098484992980957,0.8797131439988585
121,0.00011679377348627895,1.0,0.6103664040565491,0.8797131439988585
122,0.00011512525816215202,1.0,0.6108068227767944,0.8797131439988585
123,0.00011349398118909448,1.0,0.6112990975379944,0.8797131439988585
124,0.00011189567885594442,1.0,0.6117590069770813,0.8797131439988585
125,0.00011033461487386376,1.0,0.6121748089790344,0.8797131439988585
126,0.00010879483306780457,1.0,0.6126115918159485,0.8797131439988585
127,0.00010729442874435335,1.0,0.6130996346473694,0.8797131439988585
128,0.00010581741662463173,1.0,0.6135594248771667,0.8797131439988585
129,0.00010437019955134019,1.0,0.6139435768127441,0.8797131439988585
130,0.0001029580962494947,1.0,0.6143980622291565,0.8797131439988585
131,0.00010157896758755669,1.0,0.6149348616600037,0.8797131439988585
132,0.00010021581692853943,1.0,0.6154390573501587,0.8797131439988585
133,9.887391934171319e-05,1.0,0.6159374117851257,0.8797131439988585
134,9.757458610692993e-05,1.0,0.6164239048957825,0.8797131439988585
135,9.630079875933006e-05,1.0,0.616881251335144,0.8797131439988585
136,9.50429675867781e-05,1.0,0.6173838973045349,0.8797131439988585
137,9.380961273564026e-05,1.0,0.6178218722343445,0.8797131439988585
138,9.259435319108889e-05,1.0,0.618253767490387,0.8797131439988585
139,9.141100599663332e-05,1.0,0.6187160611152649,0.8797131439988585
140,9.025105828186497e-05,1.0,0.61909419298172,0.8797131439988585
141,8.910921314964071e-05,1.0,0.6193503141403198,0.8797131439988585
142,8.798651106189936e-05,1.0,0.6196992993354797,0.8797131439988585
143,8.688722300576046e-05,1.0,0.6201183199882507,0.8797131439988585
144,8.581134170526639e-05,1.0,0.6204656362533569,0.8797131439988585
145,8.474929200019687e-05,1.0,0.6207852959632874,0.8797131439988585
146,8.371278090635315e-05,1.0,0.6211557388305664,0.8797131439988585
147,8.269010140793398e-05,1.0,0.6215645670890808,0.8797131439988585
148,8.169615466613322e-05,1.0,0.621922492980957,0.8797131439988585
149,8.069902105489746e-05,1.0,0.6222603917121887,0.8797131439988585
150,7.974017353262752e-05,1.0,0.6226056814193726,0.8797131439988585
151,7.878347241785377e-05,1.0,0.6229766011238098,0.8797131439988585
152,7.784698391333222e-05,1.0,0.6233558654785156,0.8797131439988585
153,7.692752114962786e-05,1.0,0.6237248778343201,0.8797131439988585
154,7.603146514156833e-05,1.0,0.6241207122802734,0.8797131439988585
155,7.51481784391217e-05,1.0,0.6244886517524719,0.8797131439988585
156,7.428192475344986e-05,1.0,0.624839723110199,0.8797131439988585
157,7.342203753069043e-05,1.0,0.6252354979515076,0.8797131439988585
158,7.25834397599101e-05,1.0,0.6256669759750366,0.8797131439988585
159,7.175655628088862e-05,1.0,0.6260489225387573,0.8797131439988585
160,7.093924068612978e-05,1.0,0.6264294385910034,0.8797131439988585
161,7.014108268776909e-05,1.0,0.6267794370651245,0.8797131439988585
162,6.934717384865507e-05,1.0,0.6271077394485474,0.8797131439988585
163,6.857774860691279e-05,1.0,0.6274453997612,0.8797131439988585
164,6.781044794479385e-05,1.0,0.6278100609779358,0.8797131439988585
165,6.705486157443374e-05,1.0,0.6281678080558777,0.8797131439988585
166,6.631416181335226e-05,1.0,0.6285310983657837,0.8797131439988585
167,6.559580651810393e-05,1.0,0.6289140582084656,0.8797131439988585
168,6.488065992016345e-05,1.0,0.6293428540229797,0.8797131439988585
169,6.417507393052801e-05,1.0,0.629762589931488,0.8797131439988585
170,6.347907037707046e-05,1.0,0.6301266551017761,0.8797131439988585
171,6.280116213019937e-05,1.0,0.6304751634597778,0.8797131439988585
172,6.212217704160139e-05,1.0,0.6307983994483948,0.8797131439988585
173,6.145809311419725e-05,1.0,0.6311718821525574,0.8797131439988585
174,6.081529500079341e-05,1.0,0.6315525770187378,0.8797131439988585
175,6.017463238094933e-05,1.0,0.631944477558136,0.8797131439988585
176,5.954566222499125e-05,1.0,0.6323440670967102,0.8797131439988585
177,5.892946865060367e-05,1.0,0.6327189803123474,0.8797131439988585
178,5.831753514939919e-05,1.0,0.6331186294555664,0.8797131439988585
179,5.770666030002758e-05,1.0,0.633571445941925,0.8797131439988585
180,5.7109624322038144e-05,1.0,0.6339825391769409,0.8797131439988585
181,5.653173866448924e-05,1.0,0.6343770623207092,0.8797131439988585
182,5.596130358753726e-05,1.0,0.6347870826721191,0.8797131439988585
183,5.5390872148564085e-05,1.0,0.635136604309082,0.8797131439988585
184,5.4822561651235446e-05,1.0,0.6354560256004333,0.8797131439988585
185,5.4267024097498506e-05,1.0,0.6358389258384705,0.8797131439988585
186,5.373170642997138e-05,1.0,0.6362252235412598,0.8797131439988585
187,5.319106639944948e-05,1.0,0.6365485191345215,0.8797131439988585
188,5.265893923933618e-05,1.0,0.6369314789772034,0.8797131439988585
189,5.213639451540075e-05,1.0,0.6372652053833008,0.8797131439988585
190,5.162129309610464e-05,1.0,0.6375706791877747,0.8797131439988585
191,5.110832353238948e-05,1.0,0.6378437876701355,0.8797131439988585
192,5.0616632506716996e-05,1.0,0.6381513476371765,0.8797131439988585
193,5.0117498176405206e-05,1.0,0.6384726762771606,0.8797131439988585
194,4.9632199079496786e-05,1.0,0.6387859582901001,0.8797131439988585
195,4.915115641779266e-05,1.0,0.639093816280365,0.8797131439988585
196,4.868074756814167e-05,1.0,0.6394216418266296,0.8797131439988585
197,4.8218858864856884e-05,1.0,0.6396779417991638,0.8797131439988585
198,4.7753772378200665e-05,1.0,0.6399338841438293,0.8797131439988585
199,4.7297206037910655e-05,1.0,0.6402777433395386,0.8797131439988585
200,4.685127714765258e-05,1.0,0.6406028866767883,0.8797131439988585
201,4.640853876480833e-05,1.0,0.6408883929252625,0.8797131439988585
202,4.597432052833028e-05,1.0,0.641197681427002,0.8797131439988585
203,4.5545421016868204e-05,1.0,0.6416170001029968,0.8797131439988585
204,4.511970837484114e-05,1.0,0.6419692635536194,0.8797131439988585
205,4.470464773476124e-05,1.0,0.6422576904296875,0.8797131439988585
206,4.42863856733311e-05,1.0,0.6426082849502563,0.8797131439988585
207,4.388409070088528e-05,1.0,0.6429288983345032,0.8797131439988585
208,4.347860158304684e-05,1.0,0.6432555317878723,0.8797131439988585
209,4.3083760829176754e-05,1.0,0.6435576677322388,0.8797131439988585
210,4.269423152436502e-05,1.0,0.6437507271766663,0.8797131439988585
211,4.2307900002924725e-05,1.0,0.6439900994300842,0.8797131439988585
212,4.193008862785064e-05,1.0,0.6442710161209106,0.8797131439988585
213,4.1556522774044424e-05,1.0,0.6445911526679993,0.8797131439988585
214,4.118189463042654e-05,1.0,0.6449301838874817,0.8797131439988585
215,4.081684892298654e-05,1.0,0.6452376246452332,0.8797131439988585
216,4.044967135996558e-05,1.0,0.6455838084220886,0.8797131439988585
217,4.009632903034799e-05,1.0,0.6458911299705505,0.8797131439988585
218,3.97387302655261e-05,1.0,0.6461281776428223,0.8797131439988585
219,3.938857844332233e-05,1.0,0.6464394927024841,0.8797131439988585
220,3.904907498508692e-05,1.0,0.6467720866203308,0.8797131439988585
221,3.871489388984628e-05,1.0,0.6470261812210083,0.8797131439988585
222,3.8373254938051105e-05,1.0,0.6472610235214233,0.8797131439988585
223,3.804332664003596e-05,1.0,0.6475280523300171,0.8797131439988585
224,3.7719782994827256e-05,1.0,0.6478090286254883,0.8797131439988585
225,3.739943349501118e-05,1.0,0.6480522751808167,0.8797131439988585
226,3.7083336792420596e-05,1.0,0.6483210325241089,0.8797131439988585
227,3.676086271298118e-05,1.0,0.6485739350318909,0.8797131439988585
228,3.645327888079919e-05,1.0,0.6488701105117798,0.8797131439988585
229,3.614357046899386e-05,1.0,0.6491037011146545,0.8797131439988585
230,3.58391844201833e-05,1.0,0.6493573784828186,0.8797131439988585
231,3.554118302417919e-05,1.0,0.6496261954307556,0.8797131439988585
232,3.5250628570793197e-05,1.0,0.6498898863792419,0.8797131439988585
233,3.4954755392391235e-05,1.0,0.6501763463020325,0.8797131439988585
234,3.4668461012188345e-05,1.0,0.6504687666893005,0.8797131439988585
235,3.438003841438331e-05,1.0,0.6507259011268616,0.8797131439988585
236,3.410332283237949e-05,1.0,0.6509604454040527,0.8797131439988585
237,3.3817024814197794e-05,1.0,0.651222825050354,0.8797131439988585
238,3.354882210260257e-05,1.0,0.6515342593193054,0.8797131439988585
239,3.32784911734052e-05,1.0,0.6518266797065735,0.8797131439988585
240,3.300709431641735e-05,1.0,0.6520637273788452,0.8797131439988585
241,3.273889160482213e-05,1.0,0.6523526906967163,0.8797131439988585
242,3.247601125622168e-05,1.0,0.6526488065719604,0.8797131439988585
243,3.221206134185195e-05,1.0,0.6528815627098083,0.8797131439988585
244,3.196408579242416e-05,1.0,0.6531223058700562,0.8797131439988585
245,3.170333002344705e-05,1.0,0.6533914804458618,0.8797131439988585
246,3.1453218980459496e-05,1.0,0.6536114811897278,0.8797131439988585
247,3.120736437267624e-05,1.0,0.6538402438163757,0.8797131439988585
248,3.095831925747916e-05,1.0,0.65412837266922,0.8797131439988585
249,3.071778701269068e-05,1.0,0.6543990969657898,0.8797131439988585
250,3.047831887670327e-05,1.0,0.6546480059623718,0.8797131439988585
251,3.0240977139328606e-05,1.0,0.6549617648124695,0.8797131439988585
252,3.000363903993275e-05,1.0,0.655262291431427,0.8797131439988585
253,2.9775877919746563e-05,1.0,0.6555190086364746,0.8797131439988585
254,2.9543860364356078e-05,1.0,0.6558045744895935,0.8797131439988585
255,2.931716153398156e-05,1.0,0.6561048626899719,0.8797131439988585
256,2.9090466341585852e-05,1.0,0.6563292741775513,0.8797131439988585
257,2.886908987420611e-05,1.0,0.6566217541694641,0.8797131439988585
258,2.8648777515627444e-05,1.0,0.6568478345870972,0.8797131439988585
259,2.8430591555661522e-05,1.0,0.6570456624031067,0.8797131439988585
260,2.821879752445966e-05,1.0,0.6572874784469604,0.8797131439988585
261,2.8001681130263023e-05,1.0,0.6575466394424438,0.8797131439988585
262,2.7792008040705696e-05,1.0,0.6578092575073242,0.8797131439988585
263,2.7583404516917653e-05,1.0,0.6580572128295898,0.8797131439988585
264,2.7373736884328537e-05,1.0,0.658353865146637,0.8797131439988585
265,2.7172583941137418e-05,1.0,0.6585770845413208,0.8797131439988585
266,2.696716910577379e-05,1.0,0.6588515043258667,0.8797131439988585
267,2.6766016162582673e-05,1.0,0.6591110825538635,0.8797131439988585
268,2.6573374270810746e-05,1.0,0.6593445539474487,0.8797131439988585
269,2.6370091291028075e-05,1.0,0.6596177816390991,0.8797131439988585
270,2.6181705834460445e-05,1.0,0.6598747968673706,0.8797131439988585
271,2.5981615181080997e-05,1.0,0.6600862145423889,0.8797131439988585
272,2.5795363399083726e-05,1.0,0.6603719592094421,0.8797131439988585
273,2.5608040232327767e-05,1.0,0.6605634689331055,0.8797131439988585
274,2.5423916667932644e-05,1.0,0.6607691645622253,0.8797131439988585
275,2.523340481275227e-05,1.0,0.6610179543495178,0.8797131439988585
276,2.5051404008991085e-05,1.0,0.6612244844436646,0.8797131439988585
277,2.487047458998859e-05,1.0,0.6614323854446411,0.8797131439988585
278,2.4694860258023255e-05,1.0,0.6616501212120056,0.8797131439988585
279,2.4512863092240877e-05,1.0,0.6619214415550232,0.8797131439988585
280,2.4342571123270318e-05,1.0,0.6622289419174194,0.8797131439988585
281,2.416057395748794e-05,1.0,0.6624595522880554,0.8797131439988585
282,2.3986025553313084e-05,1.0,0.6626155972480774,0.8797131439988585
283,2.3814671294530854e-05,1.0,0.6628555059432983,0.8797131439988585
284,2.3655024051549844e-05,1.0,0.6631012558937073,0.8797131439988585
285,2.347834742977284e-05,1.0,0.6633052825927734,0.8797131439988585
286,2.3317636077990755e-05,1.0,0.663526177406311,0.8797131439988585
287,2.315266647201497e-05,1.0,0.6637648344039917,0.8797131439988585
288,2.299195148225408e-05,1.0,0.6640039682388306,0.8797131439988585
289,2.2824853658676147e-05,1.0,0.6641852259635925,0.8797131439988585
290,2.266946466988884e-05,1.0,0.6643723249435425,0.8797131439988585
291,2.25193944061175e-05,1.0,0.6645973324775696,0.8797131439988585
292,2.2353358872351237e-05,1.0,0.6648076176643372,0.8797131439988585
293,2.2196905774762854e-05,1.0,0.6650133728981018,0.8797131439988585
294,2.2053223801776767e-05,1.0,0.6652331948280334,0.8797131439988585
295,2.1898895283811726e-05,1.0,0.6653871536254883,0.8797131439988585
296,2.174669862142764e-05,1.0,0.6656187176704407,0.8797131439988585
297,2.159556606784463e-05,1.0,0.6658183336257935,0.8797131439988585
298,2.145294456568081e-05,1.0,0.6660036444664001,0.8797131439988585
299,2.130394204868935e-05,1.0,0.6662195920944214,0.8797131439988585
300,2.1159192328923382e-05,1.0,0.6664141416549683,0.8797131439988585
301,2.101550853694789e-05,1.0,0.6666197180747986,0.8797131439988585
302,2.0872888853773475e-05,1.0,0.6668269038200378,0.8797131439988585
303,2.073346149700228e-05,1.0,0.6670604944229126,0.8797131439988585
304,2.059084363281727e-05,1.0,0.6672907471656799,0.8797131439988585
305,2.0453544493648224e-05,1.0,0.6674681901931763,0.8797131439988585
306,2.031944131886121e-05,1.0,0.667678713798523,0.8797131439988585
307,2.018533632508479e-05,1.0,0.6679039001464844,0.8797131439988585
308,2.0041650714119896e-05,1.0,0.6681121587753296,0.8797131439988585
309,1.9910739865736105e-05,1.0,0.6682856678962708,0.8797131439988585
310,1.9775570763158612e-05,1.0,0.6685041189193726,0.8797131439988585
311,1.9649978639790788e-05,1.0,0.6687092781066895,0.8797131439988585
312,1.9510553102009e-05,1.0,0.6689690947532654,0.8797131439988585
313,1.9387091015232727e-05,1.0,0.6692395806312561,0.8797131439988585
314,1.925724427565001e-05,1.0,0.6694436073303223,0.8797131439988585
315,1.913165397127159e-05,1.0,0.6696683764457703,0.8797131439988585
316,1.9014576537301764e-05,1.0,0.6699133515357971,0.8797131439988585
317,1.8890050341724418e-05,1.0,0.6701053977012634,0.8797131439988585
318,1.8764460037345998e-05,1.0,0.6702814102172852,0.8797131439988585
319,1.86378038051771e-05,1.0,0.6704940795898438,0.8797131439988585
320,1.8513279428589158e-05,1.0,0.6706393361091614,0.8797131439988585
321,1.8395136066828854e-05,1.0,0.6707947850227356,0.8797131439988585
322,1.8278060451848432e-05,1.0,0.6709801554679871,0.8797131439988585
323,1.8155662473873235e-05,1.0,0.6711855530738831,0.8797131439988585
324,1.8039650967693888e-05,1.0,0.6713675856590271,0.8797131439988585
325,1.792151124391239e-05,1.0,0.6715787053108215,0.8797131439988585
326,1.7815076716942713e-05,1.0,0.6717628240585327,0.8797131439988585
327,1.769268055795692e-05,1.0,0.6718959808349609,0.8797131439988585
328,1.7583053704584017e-05,1.0,0.6720815300941467,0.8797131439988585
329,1.747236274241004e-05,1.0,0.6722584962844849,0.8797131439988585
330,1.736060767143499e-05,1.0,0.6724613904953003,0.8797131439988585
331,1.7239273802260868e-05,1.0,0.6726392507553101,0.8797131439988585
332,1.713709752948489e-05,1.0,0.6728273034095764,0.8797131439988585
333,1.7033858966897242e-05,1.0,0.672993540763855,0.8797131439988585
334,1.6926362150115892e-05,1.0,0.6731842756271362,0.8797131439988585
335,1.681779758655466e-05,1.0,0.673369288444519,0.8797131439988585
336,1.6708174371160567e-05,1.0,0.6735149621963501,0.8797131439988585
337,1.6601739844190888e-05,1.0,0.6737281680107117,0.8797131439988585
338,1.6496371245011687e-05,1.0,0.6739211678504944,0.8797131439988585
339,1.6394193153246306e-05,1.0,0.6740921139717102,0.8797131439988585
340,1.628776044526603e-05,1.0,0.6743283271789551,0.8797131439988585
341,1.6190906535484828e-05,1.0,0.6745308637619019,0.8797131439988585
342,1.609298851690255e-05,1.0,0.6747474074363708,0.8797131439988585
343,1.5992940461728722e-05,1.0,0.6749552488327026,0.8797131439988585
344,1.5885443644947372e-05,1.0,0.6750961542129517,0.8797131439988585
345,1.5785395589773543e-05,1.0,0.6753188967704773,0.8797131439988585
346,1.568641164340079e-05,1.0,0.6755231022834778,0.8797131439988585
347,1.559488009661436e-05,1.0,0.6757001280784607,0.8797131439988585
348,1.5494833860429935e-05,1.0,0.6759232878684998,0.8797131439988585
349,1.5400106349261478e-05,1.0,0.676062285900116,0.8797131439988585
350,1.530431654828135e-05,1.0,0.6762882471084595,0.8797131439988585
351,1.5211718164209742e-05,1.0,0.6765447854995728,0.8797131439988585
352,1.5118057490326464e-05,1.0,0.6766911149024963,0.8797131439988585
353,1.5026524124550633e-05,1.0,0.6768870949745178,0.8797131439988585
354,1.4933926649973728e-05,1.0,0.6771189570426941,0.8797131439988585
355,1.48381368489936e-05,1.0,0.6773390173912048,0.8797131439988585
356,1.474234613851877e-05,1.0,0.6775001287460327,0.8797131439988585
357,1.4663586625829339e-05,1.0,0.6776624917984009,0.8797131439988585
358,1.4573117368854582e-05,1.0,0.677844226360321,0.8797131439988585
359,1.4487969565379899e-05,1.0,0.6780022382736206,0.8797131439988585
360,1.4393243873200845e-05,1.0,0.6782113313674927,0.8797131439988585
361,1.4304903743322939e-05,1.0,0.6783728003501892,0.8797131439988585
362,1.4221885976439808e-05,1.0,0.6785861849784851,0.8797131439988585
363,1.41420605359599e-05,1.0,0.6788187026977539,0.8797131439988585
364,1.4051591278985143e-05,1.0,0.6790266633033752,0.8797131439988585
365,1.3966446203994565e-05,1.0,0.6791821122169495,0.8797131439988585
366,1.3886618035030551e-05,1.0,0.6793845295906067,0.8797131439988585
367,1.37961515065399e-05,1.0,0.6796046495437622,0.8797131439988585
368,1.3717389265366364e-05,1.0,0.6797816157341003,0.8797131439988585
369,1.3635435607284307e-05,1.0,0.6799817085266113,0.8797131439988585
370,1.3556674275605474e-05,1.0,0.6801928877830505,0.8797131439988585
371,1.347791294392664e-05,1.0,0.6804006695747375,0.8797131439988585
372,1.3394894267548807e-05,1.0,0.6805759072303772,0.8797131439988585
373,1.3312938790477347e-05,1.0,0.6807917356491089,0.8797131439988585
374,1.3240564840089064e-05,1.0,0.6809452772140503,0.8797131439988585
375,1.3155417946109083e-05,1.0,0.6810987591743469,0.8797131439988585
376,1.3089428648527246e-05,1.0,0.6813162565231323,0.8797131439988585
377,1.3002152627450414e-05,1.0,0.6815082430839539,0.8797131439988585
378,1.292977776756743e-05,1.0,0.6816763877868652,0.8797131439988585
379,1.2853145562985446e-05,1.0,0.6818576455116272,0.8797131439988585
380,1.2771190995408688e-05,1.0,0.6820316910743713,0.8797131439988585
381,1.2698816135525703e-05,1.0,0.682240903377533,0.8797131439988585
382,1.2616861567948945e-05,1.0,0.6824355125427246,0.8797131439988585
383,1.255087317986181e-05,1.0,0.6825937628746033,0.8797131439988585
384,1.2481689736887347e-05,1.0,0.6827492713928223,0.8797131439988585
385,1.2407186659402214e-05,1.0,0.6829355955123901,0.8797131439988585
386,1.233694092661608e-05,1.0,0.6831196546554565,0.8797131439988585
387,1.226350104843732e-05,1.0,0.6833041310310364,0.8797131439988585
388,1.2200704077258706e-05,1.0,0.6834891438484192,0.8797131439988585
389,1.2119814527977724e-05,1.0,0.6836979985237122,0.8797131439988585
390,1.2055953447998036e-05,1.0,0.6838436722755432,0.8797131439988585
391,1.1980385352217127e-05,1.0,0.6840367913246155,0.8797131439988585
392,1.1909074601135217e-05,1.0,0.6842662692070007,0.8797131439988585
393,1.1848406757053453e-05,1.0,0.6844435334205627,0.8797131439988585
394,1.1776030987675767e-05,1.0,0.6846032738685608,0.8797131439988585
395,1.1707913472491782e-05,1.0,0.6848059296607971,0.8797131439988585
396,1.1644052392512094e-05,1.0,0.6849545836448669,0.8797131439988585
397,1.1575934877328109e-05,1.0,0.6851493120193481,0.8797131439988585
398,1.1519524377945345e-05,1.0,0.6853627562522888,0.8797131439988585
399,1.144076213677181e-05,1.0,0.6855388879776001,0.8797131439988585
400,1.1382223419786897e-05,1.0,0.685772716999054,0.8797131439988585
401,1.1314106814097613e-05,1.0,0.6859641671180725,0.8797131439988585
402,1.1250245734117925e-05,1.0,0.6861823797225952,0.8797131439988585
403,1.1197028470633086e-05,1.0,0.6863827705383301,0.8797131439988585
404,1.1122524483653251e-05,1.0,0.6865397691726685,0.8797131439988585
405,1.1068243111367337e-05,1.0,0.6867285370826721,0.8797131439988585
406,1.1002252904290799e-05,1.0,0.6868778467178345,0.8797131439988585
407,1.0941585969703738e-05,1.0,0.6870492100715637,0.8797131439988585
408,1.087772488972405e-05,1.0,0.687255859375,0.8797131439988585
409,1.0817057045642287e-05,1.0,0.687402606010437,0.8797131439988585
410,1.0758517419162672e-05,1.0,0.6875846982002258,0.8797131439988585
411,1.0695722266973462e-05,1.0,0.6877413392066956,0.8797131439988585
412,1.06307970781927e-05,1.0,0.6879201531410217,0.8797131439988585
413,1.058183715940686e-05,1.0,0.6881388425827026,0.8797131439988585
414,1.0521170224819798e-05,1.0,0.6883682608604431,0.8797131439988585
415,1.0456244126544334e-05,1.0,0.6885234713554382,0.8797131439988585
416,1.0397705409559421e-05,1.0,0.6886776089668274,0.8797131439988585
417,1.0344488146074582e-05,1.0,0.6888437867164612,0.8797131439988585
418,1.0288077646691818e-05,1.0,0.6890326142311096,0.8797131439988585
419,1.0235925401502755e-05,1.0,0.6891988515853882,0.8797131439988585
420,1.018590137391584e-05,1.0,0.6894174218177795,0.8797131439988585
421,1.0123104402737226e-05,1.0,0.6896138191223145,0.8797131439988585
422,1.0068822120956611e-05,1.0,0.6898088455200195,0.8797131439988585
423,1.0014539839175995e-05,1.0,0.6899796724319458,0.8797131439988585
424,9.951743777492084e-06,1.0,0.6901542544364929,0.8797131439988585
425,9.905977094604168e-06,1.0,0.690344512462616,0.8797131439988585
426,9.851695722318254e-06,1.0,0.6904870271682739,0.8797131439988585
427,9.79528522293549e-06,1.0,0.6906680464744568,0.8797131439988585
428,9.742067959450651e-06,1.0,0.6908758878707886,0.8797131439988585
429,9.68459244177211e-06,1.0,0.6910969614982605,0.8797131439988585
430,9.63563252298627e-06,1.0,0.6912432909011841,0.8797131439988585
431,9.581351150700357e-06,1.0,0.6914552450180054,0.8797131439988585
432,9.534518540021963e-06,1.0,0.6916669011116028,0.8797131439988585
433,9.483431313128676e-06,1.0,0.6918560862541199,0.8797131439988585
434,9.431278158444911e-06,1.0,0.6920517086982727,0.8797131439988585
435,9.375931767863221e-06,1.0,0.6922067999839783,0.8797131439988585
436,9.331231012765784e-06,1.0,0.6923360824584961,0.8797131439988585
437,9.285462510888465e-06,1.0,0.6925324201583862,0.8797131439988585
438,9.233308446709998e-06,1.0,0.6926438212394714,0.8797131439988585
439,9.187542673316784e-06,1.0,0.6928232908248901,0.8797131439988585
440,9.139645953837316e-06,1.0,0.6930371522903442,0.8797131439988585
441,9.089621926250402e-06,1.0,0.6931509971618652,0.8797131439988585
442,9.041726116265636e-06,1.0,0.6933185458183289,0.8797131439988585
443,8.989573871076573e-06,1.0,0.6935340166091919,0.8797131439988585
444,8.945935405790806e-06,1.0,0.6936400532722473,0.8797131439988585
445,8.894846359908115e-06,1.0,0.6937945485115051,0.8797131439988585
446,8.846951459418051e-06,1.0,0.6939705610275269,0.8797131439988585
447,8.804376193438657e-06,1.0,0.6941617131233215,0.8797131439988585
448,8.757545401749667e-06,1.0,0.6943449378013611,0.8797131439988585
449,8.710713700565975e-06,1.0,0.6945306062698364,0.8797131439988585
450,8.670268471178133e-06,1.0,0.6946930289268494,0.8797131439988585
451,8.620243534096517e-06,1.0,0.6948903799057007,0.8797131439988585
452,8.574476851208601e-06,1.0,0.6950483918190002,0.8797131439988585
453,8.522323696524836e-06,1.0,0.6951622366905212,0.8797131439988585
454,8.48294348543277e-06,1.0,0.6953271627426147,0.8797131439988585
455,8.441433237749152e-06,1.0,0.6955044865608215,0.8797131439988585
456,8.392473318963312e-06,1.0,0.6956315040588379,0.8797131439988585
457,8.355221325473394e-06,1.0,0.6957976222038269,0.8797131439988585
458,8.311582860187627e-06,1.0,0.6960009932518005,0.8797131439988585
459,8.260494723799638e-06,1.0,0.6961224675178528,0.8797131439988585
460,8.22324182081502e-06,1.0,0.6962913274765015,0.8797131439988585
461,8.1774733189377e-06,1.0,0.6964707970619202,0.8797131439988585
462,8.13702899904456e-06,1.0,0.696657657623291,0.8797131439988585
463,8.098712896753568e-06,1.0,0.6968364715576172,0.8797131439988585
464,8.057203558564652e-06,1.0,0.6969815492630005,0.8797131439988585
465,8.010370947886258e-06,1.0,0.6971288919448853,0.8797131439988585
466,7.972054845595267e-06,1.0,0.6972492337226868,0.8797131439988585
467,7.9284163803095e-06,1.0,0.6973662376403809,0.8797131439988585
468,7.887971150921658e-06,1.0,0.6975169777870178,0.8797131439988585
469,7.847525921533816e-06,1.0,0.6976607441902161,0.8797131439988585
470,7.807079782651272e-06,1.0,0.697808563709259,0.8797131439988585
471,7.765570444462355e-06,1.0,0.6979666352272034,0.8797131439988585
472,7.727254342171364e-06,1.0,0.6981353163719177,0.8797131439988585
473,7.685744094487745e-06,1.0,0.6982713341712952,0.8797131439988585
474,7.645298865099903e-06,1.0,0.6983976364135742,0.8797131439988585
475,7.605918199260486e-06,1.0,0.6985244154930115,0.8797131439988585
476,7.5697294050769415e-06,1.0,0.6986695528030396,0.8797131439988585
477,7.536734301538672e-06,1.0,0.6988052725791931,0.8797131439988585
478,7.494161309296032e-06,1.0,0.698959469795227,0.8797131439988585
479,7.4579729698598385e-06,1.0,0.6991077661514282,0.8797131439988585
480,7.420720066875219e-06,1.0,0.6992348432540894,0.8797131439988585
481,7.380275292234728e-06,1.0,0.6994165778160095,0.8797131439988585
482,7.344087407545885e-06,1.0,0.6995963454246521,0.8797131439988585
483,7.300448487512767e-06,1.0,0.6997278332710266,0.8797131439988585
484,7.273839855770348e-06,1.0,0.699894368648529,0.8797131439988585
485,7.232330517581431e-06,1.0,0.7000229954719543,0.8797131439988585
486,7.194013051048387e-06,1.0,0.7001582980155945,0.8797131439988585
487,7.166340310504893e-06,1.0,0.700294554233551,0.8797131439988585
488,7.1290883170149755e-06,1.0,0.7004525065422058,0.8797131439988585
489,7.089707196428208e-06,1.0,0.7005916833877563,0.8797131439988585
490,7.053518402244663e-06,1.0,0.7007018327713013,0.8797131439988585
491,7.023716989351669e-06,1.0,0.700807511806488,0.8797131439988585
492,6.9875281951681245e-06,1.0,0.7009509801864624,0.8797131439988585
493,6.951341219973983e-06,1.0,0.7011030912399292,0.8797131439988585
494,6.914088771736715e-06,1.0,0.7012625932693481,0.8797131439988585
495,6.88428644934902e-06,1.0,0.7014008164405823,0.8797131439988585
496,6.847034910606453e-06,1.0,0.7015694975852966,0.8797131439988585
497,6.810846571170259e-06,1.0,0.7017282843589783,0.8797131439988585
498,6.773594122932991e-06,1.0,0.7018418312072754,0.8797131439988585
499,6.7437927100399975e-06,1.0,0.7019945383071899,0.8797131439988585
500,6.712925824103877e-06,1.0,0.7022467255592346,0.8797131439988585
501,6.67141603116761e-06,1.0,0.702394962310791,0.8797131439988585
502,6.645871962973615e-06,1.0,0.7025297284126282,0.8797131439988585
503,6.61394096823642e-06,1.0,0.7026996612548828,0.8797131439988585
504,6.582010428246576e-06,1.0,0.7028636932373047,0.8797131439988585
505,6.5426293076598085e-06,1.0,0.7030192613601685,0.8797131439988585
506,6.5138915488205384e-06,1.0,0.7031646966934204,0.8797131439988585
507,6.490475698228693e-06,1.0,0.7033161520957947,0.8797131439988585
508,6.446837232942926e-06,1.0,0.7034129500389099,0.8797131439988585
509,6.421293164748931e-06,1.0,0.7035788297653198,0.8797131439988585
510,6.388298061210662e-06,1.0,0.7037592530250549,0.8797131439988585
511,6.354238394123968e-06,1.0,0.703886091709137,0.8797131439988585
512,6.324436526483623e-06,1.0,0.7040458917617798,0.8797131439988585
513,6.294634658843279e-06,1.0,0.7042350769042969,0.8797131439988585
514,6.258446319407085e-06,1.0,0.704379677772522,0.8797131439988585
515,6.227580342965666e-06,1.0,0.704501748085022,0.8797131439988585
516,6.1967143665242475e-06,1.0,0.7047137022018433,0.8797131439988585
517,6.1679761529376265e-06,1.0,0.7048372626304626,0.8797131439988585
518,6.1317882682487834e-06,1.0,0.7049328684806824,0.8797131439988585
519,6.112629762355937e-06,1.0,0.7051477432250977,0.8797131439988585
520,6.081763331167167e-06,1.0,0.7053586840629578,0.8797131439988585
521,6.048768682376249e-06,1.0,0.7054396867752075,0.8797131439988585
522,6.024288268235978e-06,1.0,0.7055407166481018,0.8797131439988585
523,5.9912936194450594e-06,1.0,0.7057562470436096,0.8797131439988585
524,5.963619969406864e-06,1.0,0.7058946490287781,0.8797131439988585
525,5.9348826653149445e-06,1.0,0.7060257792472839,0.8797131439988585
526,5.906144906475674e-06,1.0,0.7061877250671387,0.8797131439988585
527,5.877407147636404e-06,1.0,0.7063455581665039,0.8797131439988585
528,5.845477517141262e-06,1.0,0.7064990401268005,0.8797131439988585
529,5.818867975904141e-06,1.0,0.7066460251808167,0.8797131439988585
530,5.793323452962795e-06,1.0,0.7067583799362183,0.8797131439988585
531,5.761392912972951e-06,1.0,0.7068720459938049,0.8797131439988585
532,5.741169843531679e-06,1.0,0.7070728540420532,0.8797131439988585
533,5.70817473999341e-06,1.0,0.7071439623832703,0.8797131439988585
534,5.684758889401564e-06,1.0,0.7072181701660156,0.8797131439988585
535,5.658149348164443e-06,1.0,0.7073095440864563,0.8797131439988585
536,5.623026027024025e-06,1.0,0.7074772715568542,0.8797131439988585
537,5.595353286480531e-06,1.0,0.7076624631881714,0.8797131439988585
538,5.574066108238185e-06,1.0,0.7077757716178894,0.8797131439988585
539,5.549586148845265e-06,1.0,0.7078997492790222,0.8797131439988585
540,5.526169843506068e-06,1.0,0.7080395817756653,0.8797131439988585
541,5.4953029575699475e-06,1.0,0.7082002758979797,0.8797131439988585
542,5.466565653478028e-06,1.0,0.7083912491798401,0.8797131439988585
543,5.436763785837684e-06,1.0,0.7085229754447937,0.8797131439988585
544,5.420798970590113e-06,1.0,0.70866858959198,0.8797131439988585
545,5.393125775299268e-06,1.0,0.708850085735321,0.8797131439988585
546,5.356937435863074e-06,1.0,0.7090520858764648,0.8797131439988585
547,5.3303278946259525e-06,1.0,0.7092140913009644,0.8797131439988585
548,5.3069124987814575e-06,1.0,0.7093275189399719,0.8797131439988585
549,5.286689429340186e-06,1.0,0.7095021605491638,0.8797131439988585
550,5.257952125248266e-06,1.0,0.709642231464386,0.8797131439988585
551,5.2345362746564206e-06,1.0,0.7097610235214233,0.8797131439988585
552,5.208991751715075e-06,1.0,0.7099505066871643,0.8797131439988585
553,5.188769137021154e-06,1.0,0.7100680470466614,0.8797131439988585
554,5.161095486982958e-06,1.0,0.7102202773094177,0.8797131439988585
555,5.128099928697338e-06,1.0,0.7103865742683411,0.8797131439988585
556,5.117456566949841e-06,1.0,0.710545003414154,0.8797131439988585
557,5.0929766075569205e-06,1.0,0.710731565952301,0.8797131439988585
558,5.063174739916576e-06,1.0,0.7108832001686096,0.8797131439988585
559,5.03762976222788e-06,1.0,0.711018443107605,0.8797131439988585
560,5.017407147533959e-06,1.0,0.7111653089523315,0.8797131439988585
561,4.995055405743187e-06,1.0,0.7112810015678406,0.8797131439988585
562,4.976961918146117e-06,1.0,0.7114048600196838,0.8797131439988585
563,4.947159595758421e-06,1.0,0.7115892767906189,0.8797131439988585
564,4.925871962768724e-06,1.0,0.7117045521736145,0.8797131439988585
565,4.8992633310263045e-06,1.0,0.7118982076644897,0.8797131439988585
566,4.881169388681883e-06,1.0,0.7120350003242493,0.8797131439988585
567,4.849238848692039e-06,1.0,0.7120731472969055,0.8797131439988585
568,4.831144451600267e-06,1.0,0.7122215032577515,0.8797131439988585
569,4.8066644922073465e-06,1.0,0.7123650908470154,0.8797131439988585
570,4.788570549862925e-06,1.0,0.7124462723731995,0.8797131439988585
571,4.7662188080721535e-06,1.0,0.7125998139381409,0.8797131439988585
572,4.7417383939318825e-06,1.0,0.7127224802970886,0.8797131439988585
573,4.719386652141111e-06,1.0,0.7128245234489441,0.8797131439988585
574,4.698099928646116e-06,1.0,0.7129726409912109,0.8797131439988585
575,4.67894187750062e-06,1.0,0.7131590843200684,0.8797131439988585
576,4.658718808059348e-06,1.0,0.7131881713867188,0.8797131439988585
577,4.641688974516001e-06,1.0,0.713248610496521,0.8797131439988585
578,4.616144451574655e-06,1.0,0.7134513854980469,0.8797131439988585
579,4.598050963977585e-06,1.0,0.7135649919509888,0.8797131439988585
580,4.566119514493039e-06,1.0,0.7136818170547485,0.8797131439988585
581,4.555476152745541e-06,1.0,0.7137623429298401,0.8797131439988585
582,4.523545158008346e-06,1.0,0.713878333568573,0.8797131439988585
583,4.510772669163998e-06,1.0,0.7140269875526428,0.8797131439988585
584,4.479906237975229e-06,1.0,0.7141360640525818,0.8797131439988585
585,4.462876859179232e-06,1.0,0.7142616510391235,0.8797131439988585
586,4.4394610085873865e-06,1.0,0.7143945097923279,0.8797131439988585
587,4.4192379391461145e-06,1.0,0.7145156860351562,0.8797131439988585
588,4.401143542054342e-06,1.0,0.7147184014320374,0.8797131439988585
589,4.3745344555645715e-06,1.0,0.7148448824882507,0.8797131439988585
590,4.3606983126665e-06,1.0,0.7149626016616821,0.8797131439988585
591,4.342603915574728e-06,1.0,0.7150622010231018,0.8797131439988585
592,4.3223813008808065e-06,1.0,0.7151522636413574,0.8797131439988585
593,4.300029559090035e-06,1.0,0.7153252959251404,0.8797131439988585
594,4.280871053197188e-06,1.0,0.715419590473175,0.8797131439988585
595,4.255326985003194e-06,1.0,0.7155943512916565,0.8797131439988585
596,4.239361260260921e-06,1.0,0.7157115340232849,0.8797131439988585
597,4.224460099067073e-06,1.0,0.7158237099647522,0.8797131439988585
598,4.2053020479215775e-06,1.0,0.715912938117981,0.8797131439988585
599,4.191464995528804e-06,1.0,0.7160008549690247,0.8797131439988585
600,4.16592092733481e-06,1.0,0.7161709666252136,0.8797131439988585
601,4.149955202592537e-06,1.0,0.7163100242614746,0.8797131439988585
602,4.1286680243501905e-06,1.0,0.7163957953453064,0.8797131439988585
603,4.1041876102099195e-06,1.0,0.7165594100952148,0.8797131439988585
604,4.093543793715071e-06,1.0,0.7166987061500549,0.8797131439988585
605,4.067999270773726e-06,1.0,0.71682208776474,0.8797131439988585
606,4.056291345477803e-06,1.0,0.7169974446296692,0.8797131439988585
607,4.036068730783882e-06,1.0,0.7171025276184082,0.8797131439988585
608,4.02010346078896e-06,1.0,0.7172126173973083,0.8797131439988585
609,4.004138190794038e-06,1.0,0.7173113226890564,0.8797131439988585
610,3.977529104304267e-06,1.0,0.7174510359764099,0.8797131439988585
611,3.965821179008344e-06,1.0,0.7175922989845276,0.8797131439988585
612,3.951984126615571e-06,1.0,0.7176867127418518,0.8797131439988585
613,3.93176151192165e-06,1.0,0.7177667617797852,0.8797131439988585
614,3.912603006028803e-06,1.0,0.717887282371521,0.8797131439988585
615,3.892379936587531e-06,1.0,0.7180233597755432,0.8797131439988585
616,3.875350557791535e-06,1.0,0.7180700302124023,0.8797131439988585
617,3.863642632495612e-06,1.0,0.7182213664054871,0.8797131439988585
618,3.840226327156415e-06,1.0,0.7184118628501892,0.8797131439988585
619,3.828518401860492e-06,1.0,0.7184786200523376,0.8797131439988585
620,3.8072314509918215e-06,1.0,0.7185899615287781,0.8797131439988585
621,3.7912661809968995e-06,1.0,0.7187018394470215,0.8797131439988585
622,3.774236120079877e-06,1.0,0.7188066840171814,0.8797131439988585
623,3.7540132780122804e-06,1.0,0.7189921140670776,0.8797131439988585
624,3.7454981338669313e-06,1.0,0.7191233038902283,0.8797131439988585
625,3.725275291799335e-06,1.0,0.7192562222480774,0.8797131439988585
626,3.707181122081238e-06,1.0,0.7193917036056519,0.8797131439988585
627,3.6848300624114927e-06,1.0,0.71944659948349,0.8797131439988585
628,3.677379481814569e-06,1.0,0.7196321487426758,0.8797131439988585
629,3.662478320620721e-06,1.0,0.7197413444519043,0.8797131439988585
630,3.6422554785531247e-06,1.0,0.7198135256767273,0.8797131439988585
631,3.6220324091118528e-06,1.0,0.7199351191520691,0.8797131439988585
632,3.6060671391169308e-06,1.0,0.7200336456298828,0.8797131439988585
633,3.591165977923083e-06,1.0,0.7202596068382263,0.8797131439988585
634,3.5752004805544857e-06,1.0,0.7203985452651978,0.8797131439988585
635,3.5645568914333126e-06,1.0,0.7204390168190002,0.8797131439988585
636,3.543269485817291e-06,1.0,0.7206019759178162,0.8797131439988585
637,3.5283685519971186e-06,1.0,0.7207517027854919,0.8797131439988585
638,3.520917971400195e-06,1.0,0.7208320498466492,0.8797131439988585
639,3.5028242564294487e-06,1.0,0.7209950089454651,0.8797131439988585
640,3.4815370781871025e-06,1.0,0.7211344838142395,0.8797131439988585
641,3.4687648167164298e-06,1.0,0.7212859988212585,0.8797131439988585
642,3.4506704196246574e-06,1.0,0.7214549779891968,0.8797131439988585
643,3.43789838552766e-06,1.0,0.7215484380722046,0.8797131439988585
644,3.4198039884358877e-06,1.0,0.7217156291007996,0.8797131439988585
645,3.408096063139965e-06,1.0,0.7218146324157715,0.8797131439988585
646,3.391066002222942e-06,1.0,0.7219006419181824,0.8797131439988585
647,3.3772298593248706e-06,1.0,0.722018837928772,0.8797131439988585
648,3.361264361956273e-06,1.0,0.722123920917511,0.8797131439988585
649,3.3474275369371753e-06,1.0,0.7222751975059509,0.8797131439988585
650,3.329333139845403e-06,1.0,0.722490131855011,0.8797131439988585
651,3.3197538868989795e-06,1.0,0.7225733399391174,0.8797131439988585
652,3.3027240533556323e-06,1.0,0.7226983904838562,0.8797131439988585
653,3.2984669360303087e-06,1.0,0.7228425741195679,0.8797131439988585
654,3.2771797577879624e-06,1.0,0.7229592204093933,0.8797131439988585
655,3.2622785965941148e-06,1.0,0.7231144309043884,0.8797131439988585
656,3.2495061077497667e-06,1.0,0.7232174277305603,0.8797131439988585
657,3.232476501580095e-06,1.0,0.7233327627182007,0.8797131439988585
658,3.2175755677599227e-06,1.0,0.7234616875648499,0.8797131439988585
659,3.2111893233377486e-06,1.0,0.7236105799674988,0.8797131439988585
660,3.1952238259691512e-06,1.0,0.7237086892127991,0.8797131439988585
661,3.178193992425804e-06,1.0,0.7237566709518433,0.8797131439988585
662,3.1632932859793073e-06,1.0,0.7238785028457642,0.8797131439988585
663,3.14732778861071e-06,1.0,0.7240129709243774,0.8797131439988585
664,3.1388128718390362e-06,1.0,0.7240502238273621,0.8797131439988585
665,3.126040382994688e-06,1.0,0.7241503596305847,0.8797131439988585
666,3.1122037853492657e-06,1.0,0.724303662776947,0.8797131439988585
667,3.0994312965049176e-06,1.0,0.7243742346763611,0.8797131439988585
668,3.086659035034245e-06,1.0,0.7245545983314514,0.8797131439988585
669,3.069629428864573e-06,1.0,0.7247390747070312,0.8797131439988585
670,3.0600499485444743e-06,1.0,0.7247564196586609,0.8797131439988585
671,3.0462131235253764e-06,1.0,0.7249211668968201,0.8797131439988585
672,3.0355695344042033e-06,1.0,0.7250768542289734,0.8797131439988585
673,3.018539700860856e-06,1.0,0.7251920104026794,0.8797131439988585
674,3.0089602205407573e-06,1.0,0.7253714203834534,0.8797131439988585
675,2.9972522952448344e-06,1.0,0.7254316210746765,0.8797131439988585
676,2.9791585802740883e-06,1.0,0.7256231904029846,0.8797131439988585
677,2.9653217552549904e-06,1.0,0.7257603406906128,0.8797131439988585
678,2.953613602585392e-06,1.0,0.7258362174034119,0.8797131439988585
679,2.939777232313645e-06,1.0,0.7259864211082458,0.8797131439988585
680,2.933390987891471e-06,1.0,0.7260559797286987,0.8797131439988585
681,2.9163609269744484e-06,1.0,0.7261489033699036,0.8797131439988585
682,2.9025245567027014e-06,1.0,0.7263189554214478,0.8797131439988585
683,2.8940096399310278e-06,1.0,0.7264696359634399,0.8797131439988585
684,2.8823014872614294e-06,1.0,0.7265776991844177,0.8797131439988585
685,2.8631427539949073e-06,1.0,0.7267501950263977,0.8797131439988585
686,2.8546278372232337e-06,1.0,0.726872444152832,0.8797131439988585
687,2.840791694325162e-06,1.0,0.7269982695579529,0.8797131439988585
688,2.82163296105864e-06,1.0,0.7271319031715393,0.8797131439988585
689,2.8120537081122166e-06,1.0,0.7272344827651978,0.8797131439988585
690,2.803538791340543e-06,1.0,0.7273395657539368,0.8797131439988585
691,2.789701966321445e-06,1.0,0.7274537086486816,0.8797131439988585
692,2.7779938136518467e-06,1.0,0.7275542616844177,0.8797131439988585
693,2.769478896880173e-06,1.0,0.7276574373245239,0.8797131439988585
694,2.7545777356863255e-06,1.0,0.7278119325637817,0.8797131439988585
695,2.7428702651377534e-06,1.0,0.7279420495033264,0.8797131439988585
696,2.73435534836608e-06,1.0,0.7279325127601624,0.8797131439988585
697,2.7183898509974824e-06,1.0,0.7280775308609009,0.8797131439988585
698,2.7088103706773836e-06,1.0,0.7282865643501282,0.8797131439988585
699,2.6949735456582857e-06,1.0,0.7283329367637634,0.8797131439988585
700,2.683265620362363e-06,1.0,0.7284692525863647,0.8797131439988585
701,2.668364459168515e-06,1.0,0.7286766171455383,0.8797131439988585
702,2.6641068870958406e-06,1.0,0.7287268042564392,0.8797131439988585
703,2.6523989617999177e-06,1.0,0.7288286089897156,0.8797131439988585
704,2.6385623641544953e-06,1.0,0.7289311289787292,0.8797131439988585
705,2.6321761197323212e-06,1.0,0.7291198372840881,0.8797131439988585
706,2.622596866785898e-06,1.0,0.7291834950447083,0.8797131439988585
707,2.599181016194052e-06,1.0,0.7292104959487915,0.8797131439988585
708,2.592794771771878e-06,1.0,0.7293418645858765,0.8797131439988585
709,2.5896017632476287e-06,1.0,0.7295070886611938,0.8797131439988585
710,2.574700602053781e-06,1.0,0.729630172252655,0.8797131439988585
711,2.561928113209433e-06,1.0,0.7296562194824219,0.8797131439988585
712,2.5534134238114348e-06,1.0,0.7297453880310059,0.8797131439988585
713,2.5470271793892607e-06,1.0,0.7299562096595764,0.8797131439988585
714,2.528933237044839e-06,1.0,0.7301041483879089,0.8797131439988585
715,2.517225084375241e-06,1.0,0.7302091717720032,0.8797131439988585
716,2.509774503778317e-06,1.0,0.7303595542907715,0.8797131439988585
717,2.498066578482394e-06,1.0,0.7305780649185181,0.8797131439988585
718,2.4906159978854703e-06,1.0,0.7306784987449646,0.8797131439988585
719,2.478907845215872e-06,1.0,0.7306565046310425,0.8797131439988585
720,2.471457264618948e-06,1.0,0.7307881116867065,0.8797131439988585
721,2.456556330798776e-06,1.0,0.7309994697570801,0.8797131439988585
722,2.449105750201852e-06,1.0,0.7310964465141296,0.8797131439988585
723,2.4342045890080044e-06,1.0,0.7311417460441589,0.8797131439988585
724,2.4235612272605067e-06,1.0,0.7312708497047424,0.8797131439988585
725,2.4139819743140833e-06,1.0,0.7314204573631287,0.8797131439988585
726,2.4118530745909084e-06,1.0,0.7315149307250977,0.8797131439988585
727,2.3990808131202357e-06,1.0,0.7316325306892395,0.8797131439988585
728,2.3831155431253137e-06,1.0,0.7318231463432312,0.8797131439988585
729,2.372471726630465e-06,1.0,0.7319884896278381,0.8797131439988585
730,2.366085482208291e-06,1.0,0.7320920825004578,0.8797131439988585
731,2.3575705654366175e-06,1.0,0.7322613596916199,0.8797131439988585
732,2.34266940424277e-06,1.0,0.7323949933052063,0.8797131439988585
733,2.332026042495272e-06,1.0,0.732465386390686,0.8797131439988585
734,2.325639798073098e-06,1.0,0.7325682640075684,0.8797131439988585
735,2.3160605451266747e-06,1.0,0.7326469421386719,0.8797131439988585
736,2.305416728631826e-06,1.0,0.732731282711029,0.8797131439988585
737,2.302223720107577e-06,1.0,0.732772171497345,0.8885566814138244
738,2.290515794811654e-06,1.0,0.7329367399215698,0.8885566814138244
739,2.2809365418652305e-06,1.0,0.7331169843673706,0.8885566814138244
740,2.271357288918807e-06,1.0,0.7332412600517273,0.8885566814138244
741,2.2607134724239586e-06,1.0,0.7333744764328003,0.8885566814138244
742,2.25432745537546e-06,1.0,0.7335444688796997,0.8885566814138244
743,2.2404908577300375e-06,1.0,0.7337043881416321,0.8885566814138244
744,2.2351689494826132e-06,1.0,0.733772873878479,0.8885566814138244
745,2.2213321244635154e-06,1.0,0.7337597608566284,0.8885566814138244
746,2.2106885353423422e-06,1.0,0.7338630557060242,0.8885566814138244
747,2.204302290920168e-06,1.0,0.7340202927589417,0.8885566814138244
748,2.194723037973745e-06,1.0,0.7341523766517639,0.8885566814138244
749,2.185143557653646e-06,1.0,0.7342398762702942,0.8885566814138244
750,2.1745001959061483e-06,1.0,0.7343609929084778,0.8885566814138244
751,2.1659850517607993e-06,1.0,0.7344177961349487,0.8885566814138244
752,2.1606633708870504e-06,1.0,0.7345770597457886,0.8885566814138244
753,2.1542771264648763e-06,1.0,0.7347014546394348,0.8885566814138244
754,2.143633537343703e-06,1.0,0.7347904443740845,0.8885566814138244
755,2.1276680399751058e-06,1.0,0.7348560690879822,0.8885566814138244
756,2.112766878781258e-06,1.0,0.7349680066108704,0.8885566814138244
757,2.112766878781258e-06,1.0,0.7350814938545227,0.8885566814138244
758,2.1031876258348348e-06,1.0,0.7352364659309387,0.8885566814138244
759,2.09999438993691e-06,1.0,0.735395073890686,0.8885566814138244
760,2.088286464640987e-06,1.0,0.7354751229286194,0.8885566814138244
761,2.0744498669955647e-06,1.0,0.7355483174324036,0.8885566814138244
762,2.073385530820815e-06,1.0,0.7356336712837219,0.8885566814138244
763,2.066999286398641e-06,1.0,0.7357392311096191,0.8885566814138244
764,2.0584843696269672e-06,1.0,0.7358841300010681,0.8885566814138244
765,2.0467764443310443e-06,1.0,0.736007809638977,0.8885566814138244
766,2.0414547634572955e-06,1.0,0.7360582947731018,0.8885566814138244
767,2.0329396193119464e-06,1.0,0.7363244891166687,0.8885566814138244
768,2.023360366365523e-06,1.0,0.7363848090171814,0.8885566814138244
769,2.0148454495938495e-06,1.0,0.7364036440849304,0.8885566814138244
770,2.0031375242979266e-06,1.0,0.7365350127220154,0.8885566814138244
771,1.9978156160505023e-06,1.0,0.7366744875907898,0.8885566814138244
772,1.980785782507155e-06,1.0,0.7368735671043396,0.8885566814138244
773,1.970142193385982e-06,1.0,0.7369809746742249,0.8885566814138244
774,1.9658846213133074e-06,1.0,0.736996591091156,0.8885566814138244
775,1.9616272766143084e-06,1.0,0.7370198965072632,0.8885566814138244
776,1.9531123598426348e-06,1.0,0.7370962500572205,0.8885566814138244
777,1.944597443070961e-06,1.0,0.7372915148735046,0.8885566814138244
778,1.939275534823537e-06,1.0,0.7373797297477722,0.8885566814138244
779,1.931824954226613e-06,1.0,0.7374098896980286,0.8885566814138244
780,1.9275673821539385e-06,1.0,0.7375149130821228,0.8885566814138244
781,1.9222457012801897e-06,1.0,0.7375149726867676,0.8885566814138244
782,1.9084093310084427e-06,1.0,0.7376605868339539,0.8885566814138244
783,1.8998943005499314e-06,1.0,0.737825334072113,0.8885566814138244
784,1.894572392302507e-06,1.0,0.7379185557365417,0.8885566814138244
785,1.883928803181334e-06,1.0,0.7381616234779358,0.8885566814138244
786,1.8796712311086594e-06,1.0,0.7383283376693726,0.8885566814138244
787,1.8690276419874863e-06,1.0,0.7384189963340759,0.8885566814138244
788,1.857319489317888e-06,1.0,0.7385312914848328,0.8885566814138244
789,1.8519976947573014e-06,1.0,0.7386283278465271,0.8885566814138244
790,1.849868908720964e-06,1.0,0.7387452721595764,0.8885566814138244
791,1.8445471141603775e-06,1.0,0.7389176487922668,0.8885566814138244
792,1.8285817304786178e-06,1.0,0.7390252351760864,0.8885566814138244
793,1.817938027670607e-06,1.0,0.7390972971916199,0.8885566814138244
794,1.8136805692847702e-06,1.0,0.7391038537025452,0.8885566814138244
795,1.8104874470736831e-06,1.0,0.7392855882644653,0.8885566814138244
796,1.8051656525130966e-06,1.0,0.7393806576728821,0.8885566814138244
797,1.7998437442656723e-06,1.0,0.7394742369651794,0.8885566814138244
798,1.7860071466202498e-06,1.0,0.7395778894424438,0.8885566814138244
799,1.7753635574990767e-06,1.0,0.7396394610404968,0.8885566814138244
800,1.77110609911324e-06,1.0,0.7398862242698669,0.8885566814138244
801,1.760462396305229e-06,1.0,0.7399734258651733,0.8885566814138244
802,1.7562049379193923e-06,1.0,0.7400081753730774,0.8885566814138244
803,1.750883029671968e-06,1.0,0.7400814890861511,0.8885566814138244
804,1.740239326863957e-06,1.0,0.7400997877120972,0.8885566814138244
805,1.7444968989366316e-06,1.0,0.7402023077011108,0.8885566814138244
806,1.729595737742784e-06,1.0,0.7404065728187561,0.8885566814138244
807,1.7189520349347731e-06,1.0,0.7404857873916626,0.8885566814138244
808,1.7115016817115247e-06,1.0,0.7406512498855591,0.8885566814138244
809,1.7083085595004377e-06,1.0,0.7408255934715271,0.8885566814138244
810,1.7061798871509382e-06,1.0,0.7409026026725769,0.8885566814138244
811,1.6976648566924268e-06,1.0,0.7410522699356079,0.8885566814138244
812,1.690214276095503e-06,1.0,0.7411869168281555,0.8885566814138244
813,1.6880857174328412e-06,1.0,0.7413074374198914,0.8885566814138244
814,1.6795708006611676e-06,1.0,0.7413073778152466,0.8885566814138244
815,1.6721202200642438e-06,1.0,0.741407036781311,0.8885566814138244
816,1.6657339756420697e-06,1.0,0.7415466904640198,0.8885566814138244
817,1.6550902728340589e-06,1.0,0.7416782975196838,0.8885566814138244
818,1.6518971506229718e-06,1.0,0.7418264746665955,0.8885566814138244
819,1.6401891116402112e-06,1.0,0.7419147491455078,0.8885566814138244
820,1.6369959894291242e-06,1.0,0.7418317794799805,0.8885566814138244
821,1.6306097450069501e-06,1.0,0.7419396042823792,0.8885566814138244
822,1.6263522866211133e-06,1.0,0.742056667804718,0.8885566814138244
823,1.6167732610483654e-06,1.0,0.7420926690101624,0.8885566814138244
824,1.6061294445535168e-06,1.0,0.7422515749931335,0.8885566814138244
825,1.6008076499929302e-06,1.0,0.742368221282959,0.8885566814138244
826,1.5944214055707562e-06,1.0,0.742368757724762,0.8885566814138244
827,1.592292619534419e-06,1.0,0.742432713508606,0.8885566814138244
828,1.5880351611485821e-06,1.0,0.7425218820571899,0.8885566814138244
829,1.5848423799980083e-06,1.0,0.7426734566688538,0.8885566814138244
830,1.57313422732841e-06,1.0,0.742803692817688,0.8885566814138244
831,1.5646193105567363e-06,1.0,0.7429531812667847,0.8885566814138244
832,1.555040057610313e-06,1.0,0.7430582046508789,0.8885566814138244
833,1.551846935399226e-06,1.0,0.7430723905563354,0.8885566814138244
834,1.5454606909770519e-06,1.0,0.7431715130805969,0.8885566814138244
835,1.5390744465548778e-06,1.0,0.7433398962020874,0.8885566814138244
836,1.5337526519942912e-06,1.0,0.743432343006134,0.8885566814138244
837,1.5220446130115306e-06,1.0,0.74348384141922,0.8885566814138244
838,1.5188514908004436e-06,1.0,0.7437248826026917,0.8885566814138244
839,1.5145941461014445e-06,1.0,0.7439671158790588,0.8885566814138244
840,1.5103366877156077e-06,1.0,0.7440465688705444,0.8885566814138244
841,1.5007573210823466e-06,1.0,0.7441514134407043,0.8885566814138244
842,1.4975641988712596e-06,1.0,0.7441374063491821,0.8885566814138244
843,1.4890493957864237e-06,1.0,0.74415123462677,0.8885566814138244
844,1.4911780681359232e-06,1.0,0.7443832755088806,0.8885566814138244
845,1.48053447901475e-06,1.0,0.7445395588874817,0.8885566814138244
846,1.477341356803663e-06,1.0,0.7445150017738342,0.8885566814138244
847,1.470955112381489e-06,1.0,0.7446649670600891,0.8885566814138244
848,1.4624401956098154e-06,1.0,0.744782567024231,0.8885566814138244
849,1.4560539511876414e-06,1.0,0.7448564767837524,0.8885566814138244
850,1.4507321566270548e-06,1.0,0.744853675365448,0.8885566814138244
851,1.443281576030131e-06,1.0,0.7449579834938049,0.8885566814138244
852,1.4379596677827067e-06,1.0,0.7450860142707825,0.8885566814138244
853,1.431573650734208e-06,1.0,0.7451785206794739,0.8885566814138244
854,1.428380528523121e-06,1.0,0.7452669739723206,0.8885566814138244
855,1.425187406312034e-06,1.0,0.745368480682373,0.8885566814138244
856,1.4198656117514474e-06,1.0,0.7455271482467651,0.8885566814138244
857,1.4145437035040231e-06,1.0,0.7456777691841125,0.8885566814138244
858,1.4060287867323495e-06,1.0,0.7458265423774719,0.8885566814138244
859,1.397513869960676e-06,1.0,0.7459139227867126,0.8885566814138244
860,1.3911277392253396e-06,1.0,0.7461028099060059,0.8885566814138244
861,1.3836771586284158e-06,1.0,0.7462231516838074,0.8885566814138244
862,1.3815484862789162e-06,1.0,0.7462466955184937,0.8885566814138244
863,1.3740979056819924e-06,1.0,0.746376633644104,0.8885566814138244
864,1.3709047834709054e-06,1.0,0.7465537190437317,0.8885566814138244
865,1.3687759974345681e-06,1.0,0.7466198205947876,0.8885566814138244
866,1.365582875223481e-06,1.0,0.7467060089111328,0.8885566814138244
867,1.3560036222770577e-06,1.0,0.7467406988143921,0.8885566814138244
868,1.351746163891221e-06,1.0,0.7467733025550842,0.8885566814138244
869,1.3421669109447976e-06,1.0,0.74680095911026,0.8885566814138244
870,1.3379094525589608e-06,1.0,0.7468366026878357,0.8885566814138244
871,1.333651994173124e-06,1.0,0.7471050024032593,0.8885566814138244
872,1.3315232081367867e-06,1.0,0.7472440004348755,0.8885566814138244
873,1.3240727412267006e-06,1.0,0.7474616765975952,0.8885566814138244
874,1.3198152828408638e-06,1.0,0.7475614547729492,0.8885566814138244
875,1.3102360298944404e-06,1.0,0.7476182579994202,0.8885566814138244
876,1.3006566632611793e-06,1.0,0.7476781010627747,0.8885566814138244
877,1.2932060826642555e-06,1.0,0.7477453351020813,0.8885566814138244
878,1.291077410314756e-06,1.0,0.7478682398796082,0.8885566814138244
879,1.287884288103669e-06,1.0,0.7479568123817444,0.8885566814138244
880,1.2868198382420815e-06,1.0,0.7481174468994141,0.8885566814138244
881,1.2804337075067451e-06,1.0,0.7481890916824341,0.8885566814138244
882,1.2783049214704079e-06,1.0,0.748214840888977,0.8885566814138244
883,1.2687256685239845e-06,1.0,0.7483052611351013,0.8885566814138244
884,1.2634037602765602e-06,1.0,0.7484516501426697,0.8885566814138244
885,1.2580820794028114e-06,1.0,0.7486719489097595,0.8885566814138244
886,1.2538246210169746e-06,1.0,0.7488113641738892,0.8885566814138244
887,1.2516958349806373e-06,1.0,0.7489444017410278,0.8885566814138244
888,1.2453095905584632e-06,1.0,0.7490631341934204,0.8885566814138244
889,1.242116582034214e-06,1.0,0.7490969300270081,0.8885566814138244
890,1.238923459823127e-06,1.0,0.749238133430481,0.8885566814138244
891,1.2293440931898658e-06,1.0,0.7493734955787659,0.8885566814138244
892,1.2304084293646156e-06,1.0,0.7495841979980469,0.8885566814138244
893,1.2240222986292792e-06,1.0,0.7498034834861755,0.8885566814138244
894,1.2176360542071052e-06,1.0,0.7498571276664734,0.8885566814138244
895,1.2176360542071052e-06,1.0,0.7501248121261597,0.8885566814138244
896,1.208056687573844e-06,1.0,0.7502498030662537,0.8885566814138244
897,1.2059280152243446e-06,1.0,0.7502841949462891,0.8885566814138244
898,1.2027348930132575e-06,1.0,0.7503038048744202,0.8885566814138244
899,1.1995417708021705e-06,1.0,0.7504788637161255,0.8885566814138244
900,1.1952844261031714e-06,1.0,0.750679612159729,0.8885566814138244
901,1.185705173156748e-06,1.0,0.750740110874176,0.8885566814138244
902,1.1899626315425849e-06,1.0,0.750941812992096,0.8885566814138244
903,1.1835763871204108e-06,1.0,0.7512340545654297,0.8885566814138244
904,1.169739562101313e-06,1.0,0.7514094710350037,0.8885566814138244
905,1.1676108897518134e-06,1.0,0.7516816258430481,0.8885566814138244
906,1.1644177675407263e-06,1.0,0.7517421841621399,0.8885566814138244
907,1.162288981504389e-06,1.0,0.7518574595451355,0.8885566814138244
908,1.159095859293302e-06,1.0,0.7519285082817078,0.8885566814138244
909,1.1527098422448034e-06,1.0,0.751987636089325,0.8885566814138244
910,1.1495167200337164e-06,1.0,0.7521807551383972,0.8885566814138244
911,1.1399373534004553e-06,1.0,0.75222247838974,0.8885566814138244
912,1.1356798950146185e-06,1.0,0.7523930668830872,0.8885566814138244
913,1.1346155588398688e-06,1.0,0.7525085806846619,0.8885566814138244
914,1.130358100454032e-06,1.0,0.7525594830513,0.8885566814138244
915,1.121843297369196e-06,1.0,0.7528441548347473,0.8885566814138244
916,1.118650175158109e-06,1.0,0.7529818415641785,0.8885566814138244
917,1.115457052947022e-06,1.0,0.7530774474143982,0.8885566814138244
918,1.1069421361753484e-06,1.0,0.753078281879425,0.8885566814138244
919,1.1048133501390112e-06,1.0,0.7530245184898376,0.8885566814138244
920,1.0962984333673376e-06,1.0,0.753021776676178,0.8885566814138244
921,1.0899121889451635e-06,1.0,0.7530950307846069,0.8885566814138244
922,1.0867190667340765e-06,1.0,0.7531923651695251,0.8885566814138244
923,1.08139727217349e-06,1.0,0.7531153559684753,0.8885566814138244
924,1.0803329359987401e-06,1.0,0.753367006778717,0.8885566814138244
925,1.0792684861371526e-06,1.0,0.7533453702926636,0.8885566814138244
926,1.073946691576566e-06,1.0,0.7535591721534729,0.8885566814138244
927,1.0686247833291418e-06,1.0,0.7537265419960022,0.8885566814138244
928,1.0664961109796423e-06,1.0,0.7538339495658875,0.8885566814138244
929,1.0579811942079687e-06,1.0,0.7539678812026978,0.8885566814138244
930,1.0547880719968816e-06,1.0,0.7539666295051575,0.8885566814138244
931,1.0505306136110448e-06,1.0,0.7541065216064453,0.8885566814138244
932,1.0441443691888708e-06,1.0,0.7542495131492615,0.8885566814138244
933,1.0420156968393712e-06,1.0,0.7541619539260864,0.8885566814138244
934,1.038822688315122e-06,1.0,0.7544762492179871,0.8885566814138244
935,1.0366939022787847e-06,1.0,0.7546111345291138,0.8885566814138244
936,1.0356295661040349e-06,1.0,0.7547191381454468,0.8885566814138244
937,1.0345651162424474e-06,1.0,0.7549186944961548,0.8885566814138244
938,1.0292433216818608e-06,1.0,0.7550514340400696,0.8885566814138244
939,1.0228570772596868e-06,1.0,0.7551108598709106,0.8885566814138244
940,1.0207284049101872e-06,1.0,0.7553324103355408,0.8885566814138244
941,1.0100847021021764e-06,1.0,0.7555264234542847,0.8885566814138244
942,1.0079560297526768e-06,1.0,0.755652129650116,0.8885566814138244
943,1.0026341215052526e-06,1.0,0.755876362323761,0.8885566814138244
944,1.0026341215052526e-06,1.0,0.7558733820915222,0.8885566814138244
945,1.0015697853305028e-06,1.0,0.7560284733772278,0.8885566814138244
946,9.994411129810032e-07,1.0,0.756075382232666,0.8885566814138244
947,9.919906460709171e-07,1.0,0.7561200261116028,0.8885566814138244
948,9.898618600345799e-07,1.0,0.7562435269355774,0.8885566814138244
949,9.866687378234928e-07,1.0,0.7563506364822388,0.8885566814138244
950,9.866687378234928e-07,1.0,0.7563955187797546,0.8885566814138244
951,9.834756156124058e-07,1.0,0.7564613223075867,0.8885566814138244
952,9.770894848770695e-07,1.0,0.7564490437507629,0.8885566814138244
953,9.770894848770695e-07,1.0,0.7565470933914185,0.8885566814138244
954,9.717675766296452e-07,1.0,0.7566480040550232,0.8885566814138244
955,9.664457820690586e-07,1.0,0.7565405964851379,0.8885566814138244
956,9.643169960327214e-07,1.0,0.7566875219345093,0.8885566814138244
957,9.51544620875211e-07,1.0,0.7568579912185669,0.8885566814138244
958,9.494158916822926e-07,1.0,0.7569679617881775,0.8885566814138244
959,9.472871056459553e-07,1.0,0.7571083903312683,0.8885566814138244
960,9.462227694712055e-07,1.0,0.7573093175888062,0.8885566814138244
961,9.451583764530369e-07,1.0,0.7574305534362793,0.8885566814138244
962,9.440940402782871e-07,1.0,0.7575786709785461,0.8885566814138244
963,9.355791235066135e-07,1.0,0.7576636075973511,0.8885566814138244
964,9.345147304884449e-07,1.0,0.7578417658805847,0.8885566814138244
965,9.270642067349399e-07,1.0,0.7578848004341125,0.8885566814138244
966,9.196136261380161e-07,1.0,0.7578811645507812,0.8885566814138244
967,9.206779623127659e-07,1.0,0.7580332159996033,0.8885566814138244
968,9.100343163481739e-07,1.0,0.7580264210700989,0.8885566814138244
969,9.057768011189182e-07,1.0,0.7579867243766785,0.8885566814138244
970,9.036480719259998e-07,1.0,0.7580491900444031,0.8885566814138244
971,9.004549497149128e-07,1.0,0.7581751942634583,0.8885566814138244
972,8.99390613540163e-07,1.0,0.7583091855049133,0.8885566814138244
973,8.983262205219944e-07,1.0,0.7585130333900452,0.8885566814138244
974,8.96197491329076e-07,1.0,0.7587012648582458,0.8885566814138244
975,8.908756399250706e-07,1.0,0.7588707208633423,0.8885566814138244
976,8.866181815392338e-07,1.0,0.7590482831001282,0.8885566814138244
977,8.823607799968158e-07,1.0,0.7592911720275879,0.8885566814138244
978,8.770389285928104e-07,1.0,0.7593024373054504,0.8885566814138244
979,8.74910199399892e-07,1.0,0.7594428062438965,0.8885566814138244
980,8.71717077188805e-07,1.0,0.7597144842147827,0.8885566814138244
981,8.674596188029682e-07,1.0,0.759580671787262,0.8885566814138244
982,8.642664965918812e-07,1.0,0.759720504283905,0.8885566814138244
983,8.600090382060444e-07,1.0,0.7597551345825195,0.8885566814138244
984,8.589446451878757e-07,1.0,0.7597729563713074,0.8885566814138244
985,8.557515798202076e-07,1.0,0.76003497838974,0.8885566814138244
986,8.568159159949573e-07,1.0,0.7602101564407349,0.8885566814138244
987,8.557515798202076e-07,1.0,0.7602985501289368,0.8885566814138244
988,8.483009992232837e-07,1.0,0.760399341583252,0.8885566814138244
989,8.451078770121967e-07,1.0,0.7603132128715515,0.8885566814138244
990,8.440434839940281e-07,1.0,0.760496973991394,0.8885566814138244
991,8.344642310476047e-07,1.0,0.7607649564743042,0.8885566814138244
992,8.323355018546863e-07,1.0,0.7605561017990112,0.8885566814138244
993,8.333998948728549e-07,1.0,0.7608312964439392,0.8885566814138244
994,8.312711656799365e-07,1.0,0.7608616948127747,0.8885566814138244
995,8.259493142759311e-07,1.0,0.7608799338340759,0.8885566814138244
996,8.227561920648441e-07,1.0,0.7609472870826721,0.8885566814138244
997,8.216917990466754e-07,1.0,0.7609772682189941,0.8885566814138244
998,8.184987336790073e-07,1.0,0.7612004280090332,0.8885566814138244
999,8.099837600639148e-07,1.0,0.7614094614982605,0.8885566814138244
